first_name,last_name
Emma,Johnson
Noah,Smith
Olivia,Williams
Liam,Brown
Ava,Jones
William,Garcia
Sophia,Rodriguez
James,Martinez
Isabella,Davis
Benjamin,Miller
Charlotte,Gonzalez
Lucas,Perez
Amelia,Moore
Mason,Taylor
Harper,Anderson
Evelyn,Thomas
Elijah,Jackson
Abigail,Lee
Joshua,Hernandez
Emily,King
Alexander,Wright
Elizabeth,Lopez
Sebastian,Scott
Grace,Harris
Jack,Clark
Chloe,Lewis
Oliver,Walker
Scarlett,Hall
Aiden,Allen
Lily,Young
Natalie,Murphy
Caleb,Sanchez
Zoe,Rivera
Adrian,Ramirez
Stella,Wilson
Christian,Torres
Sadie,White
Xavier,Collins
Isla,Baker
Isaiah,Mitchell
Audrey,Green
Charles,Campbell
Riley,Carter
Henry,Simmons
Peyton,Phillips
Josiah,Evans
Leah,Parker
Cooper,Edwards
Skylar,Perez
Maverick,Turner
Aria,Morris
Bryson,Hughes
Annabelle,Price
Brayden,Myers
Cora,Long
Landon,Foster
Violet,Butler
Nolan,Stevens
Aubrey,Ortiz
Easton,Watson
